SERVUS CREDIT UNION LTD,131,https://www.servus.ca/life,https://www.servus.ca/about,,,,,
MERIDIAN CREDIT UNION,117,https://www.meridiancu.ca/,https://www.meridiancu.ca/About-Meridian.aspx ,,,,,
CENTRAL 1 CREDIT UNION,117,https://www.central1.com/ ,https://www.central1.com/operational-expertise/ ,,,,,
AFFINITY CREDIT UNION 2013,97,https://www.affinitycu.ca/ ,https://www.affinitycu.ca/meet-affinity/overview ,,,,,
VANCOUVER CITY SAVINGS CREDIT UNION,84,https://www.vancity.com/ ,https://www.vancity.com/AboutVancity/VisionAndValues/Glance/?xcid=hp_about_pod_vancityataglance ,,,,,
COAST CAPITAL SAVINGS FEDERAL CU,82,https://www.coastcapitalsavings.com/ ,https://www.coastcapitalsavings.com/governance ,,,,,
CONEXUS CREDIT UNION,75,https://www.conexus.ca/Personal/ ,https://www.conexus.ca/AboutConexus/ ,,,,,
CREDIT UNION CENTRAL ALBERTA LTD,64,https://albertacentral.com/Home/ ,https://albertacentral.com/Who-is-Alberta-Central/ ,,,,,
CONNECT FIRST CREDIT UNION,53,https://www.connectfirstcu.com/ ,https://www.connectfirstcu.com/about-group/about ,,,,,
FIRSTONTARIO CR. UN. LTD,46,https://www.firstontariocu.com/Personal/ ,https://www.firstontariocu.com/Personal/AboutUs/ ,,,,,
LIBRO CREDIT UNION LIMITED,45,https://www.libro.ca/ ,https://www.libro.ca/about ,,,,,
INNOVATION CREDIT UNION,43,https://innovationcu.ca/Personal/ ,https://innovationcu.ca/AboutUs/VisionAndValues/ ,,,,,
GULF & FRASER FISHERMEN'S CR UNION,42,https://www.gffg.com/Personal/ ,https://www.gffg.com/AboutUs/WhoWeAre/VisionMission/ ,,,,,
COASTAL COMMUNITY CREDIT UNION,36,https://www.cccu.ca/Personal/ ,https://www.cccu.ca/Personal/AboutUs/WhoWeAre/VisionMissionValues/ ,,,,,
ENVISION FINANCIAL A DIVISION,33,https://www.envisionfinancial.ca/Personal/ ,https://www.envisionfinancial.ca/Personal/Community/ ,,,,,
ALTERNA SAVINGS AND CREDIT UNION LTD,30,https://www.alterna.ca/ ,https://www.alterna.ca/AboutUs/ ,,,,,
ASSINIBOINE CREDIT UNION,29,https://www.assiniboine.mb.ca/ ,https://www.assiniboine.mb.ca/About-Us/ ,,,,,
NORTHERN CREDIT UNION LTD,28,https://www.northerncu.com/personal/ ,https://www.northerncu.com/true-north-strong/about-us/ ,,,,,
CAISSE POPULAIRE GROUPE FINANCIER,27,http://www.caisse.biz/en/ ,http://www.caisse.biz/en/about-us/ ,,,,,
TANDIA FINANCIAL CREDIT UNION,24,https://www.tandia.com/Personal/ ,https://www.tandia.com/Personal/AboutUs/ ,,,,,
KAWARTHA CREDIT UNION LIMITED,23,https://www.kawarthacu.com/ ,https://www.kawarthacu.com/AboutUs/ ,,,,,
PROSPERA CREDIT UNION,23,https://prospera.ca/ ,https://prospera.ca/AboutUs/ ,,,,,
FUSION CREDIT UNION,23,https://fusioncu.com/ ,https://fusioncu.com/about/ ,,,,,
SUNOVA CREDIT UNION,23,https://www.sunovacu.ca/ ,https://www.sunovacu.ca/our-story/ ,,,,,
VALLEY FIRST A DIVISION,22,https://www.valleyfirst.com/Personal/ ,https://www.valleyfirst.com/Personal/AboutUs/OurOrganization/OurHistory/ ,,,,,
INTERIOR SAVINGS CREDIT UNION,22,https://www.interiorsavings.com/ ,https://www.interiorsavings.com/AboutUs/ ,,,,,
VISION CREDIT UNION,22,https://www.visioncu.ca/ ,https://www.visioncu.ca/Personal/AboutUs/ ,,,,,
WESTMINSTER SAVINGS CREDIT UNION,21,https://www.wscu.com/Personal/ ,https://www.wscu.com/Personal/AboutUs/ ,,,,,
MERIDIAN CREDIT UNION LIMITED,20,https://www.meridiancu.ca/,https://www.meridiancu.ca/About-Meridian.aspx,,,,,
EAST COAST CREDIT UNION,20,https://www.eastcoastcu.ca/Home/ ,https://www.eastcoastcu.ca/Home/YourCreditUnion/AboutUs/ ,,,,,
ISLAND SAVINGS A DIVISION,19,https://www.islandsavings.ca/Personal/ ,https://www.islandsavings.ca/Personal/AboutUs/WhoWeAre/AtAGlance/ ,,,,,
CORNERSTONE CREDIT UNION,17,https://www.cornerstonecu.com/Personal/ ,https://www.cornerstonecu.com/Personal/AboutUs/ ,,,,,
RAPPORT CREDIT UNION,17,https://www.rapportcu.ca/Personal/ ,https://www.rapportcu.ca/Personal/AboutUs/ ,,,,,
BLUESHORE FINANCIAL CREDIT UNION,17,https://www.blueshorefinancial.com/ ,https://www.blueshorefinancial.com/AboutUs/ ,,,,,
CONNECT FIRST CREDIT UNION LTD.,16,https://www.connectfirstcu.com/,https://www.connectfirstcu.com/about-group/about,,,,,
SUNRISE CREDIT UNION,16,https://www.sunrisecu.mb.ca/Personal/ ,https://www.sunrisecu.mb.ca/About/ ,,,,,
ACCESS CREDIT UNION LIMITED,15,https://www.accesscu.ca/Personal/ ,https://www.accesscu.ca/AboutUs/ ,,,,,
CAMBRIAN CREDIT UNION,15,https://www.cambrian.mb.ca/ ,https://www.cambrian.mb.ca/about-us ,,,,,
KOOTENAY SAVINGS CREDIT UNION,14,https://www.kscu.com/ ,https://www.kscu.com/AboutUs/ ,,,,,
INTEGRIS CREDIT UNION,14,https://www.integriscu.ca/ ,https://www.integriscu.ca/who-we-are/ ,,,,,
PRAIRIE CENTRE CREDIT UNION,14,https://www.pccu.ca/Personal/,https://www.pccu.ca/Personal/AboutUs/WhoWeAre/Values/,,,,,
PACE SAVINGS AND CREDIT UNION LTD,14,https://www.pacecu.ca/,https://www.pacecu.ca/Personal/AboutUs/ABankAlternative/,,,,,
YOUR CREDIT UNION LIMITED,13,https://www.yourcu.com/Personal/,https://www.yourcu.com/Personal/AboutUs/,,,,,
WINDSOR FAMILY CREDIT UNION LTD,13,https://www.wfcu.ca/Personal/,https://www.wfcu.ca/Personal/AboutUs/,,,,,
FIRST ONTARIO CREDIT UNION LIMITED,13,https://www.firstontariocu.com/Personal/,https://www.firstontariocu.com/Personal/AboutUs/,,,,,
WESTOBA CREDIT UNION LIMITED,13,https://westobacu.com/,https://westobacu.com/about-us/,,,,,
MAINSTREET CREDIT UNION LIMITED,13,https://mainstreetcu.ca/,https://mainstreetcu.ca/bank/personal,,,,,
PLAINSVIEW CREDIT UNION,12,https://www.plainsview.com/,https://www.plainsview.com/Personal/AboutUs/WhoWeAre/,,,,,
KINDRED CREDIT UNION LIMITED,12,https://www.kindredcu.com/,https://www.kindredcu.com/AboutUs/,,,,,
SYNERGY CREDIT UNION LTD,12,https://www.synergycu.ca/Personal/,https://www.synergycu.ca/AboutUs/WhoWeAre/,,,,,
NOVENTIS CREDIT UNION,12,https://noventis.ca/,https://noventis.ca/AboutUs/,,,,,
ENCOMPASS CREDIT UNION LTD.,12,https://www.encompasscu.ca/Personal/,https://www.encompasscu.ca/Personal/AboutUs/WhoWeAre/,,,,,
PENFINANCIAL CREDIT UNION LTD,11,https://www.penfinancial.com/Personal/,https://www.penfinancial.com/Personal/AboutUs/,,,,,
1ST CHOICE SAVINGS & CREDIT UNION LT,11,https://www.1stchoicesavings.ca/,https://www.1stchoicesavings.ca/Personal/AboutUs/,,,,,
CREDIT UNION CENTRAL ALBERTA LIMITED,11,https://albertacentral.com/Home/,https://albertacentral.com/Who-is-Alberta-Central/About-Us/Our-Purpose-Values/,,,,,
NORTHERN CREDIT UNION LIMITED,10,https://www.northerncu.com/personal/,https://www.northerncu.com/true-north-strong/about-us/,,,,,
MOTOR CITY COMMUNITY CREDIT UN LTD.,9,https://www.mcccu.com/,https://www.mcccu.com/AboutUs/,,,,,
DIAMOND NORTH CREDIT UNION,9,https://www.diamondnorthcu.com/Personal/,https://www.diamondnorthcu.com/Personal/AboutUs/WhoWeAre/,,,,,
SUDBURY CREDIT UNION LIMITED,9,https://www.sudburycu.com/,https://www.sudburycu.com/AboutUs/,,,,,
C.P. CANADIENNE ITALIENNE,8,https://www.desjardins.com/en/votre_caisse/accueil.jsp?transit=81530606,https://www.desjardins.com/en/votre_caisse/difference/index.jsp?transit=81530606,,,,,
STRIDE CREDIT UNION,8,https://www.stridecu.ca/,https://www.stridecu.ca/Personal/AboutUs/,,,,,
COMMUNITY SAVINGS CREDIT UNION,8,https://www.comsavings.com/Personal/,https://www.comsavings.com/Personal/AboutUs/,,,,,
KHALSA CREDIT UNION,7,https://khalsacreditunion.ca/,https://khalsacreditunion.ca/member-matters/,,,,,
WESTOBA CREDIT UNION,7,https://westobacu.com/,https://westobacu.com/about-us/,,,,,
ABCU Credit Union LTD.,7,https://www.beaumontcu.com/Business/,https://www.beaumontcu.com/Business/AboutUs/WhoWeAre/,,,,,
VANTAGEONE CREDIT UNION,7,https://www.vantageone.net/,https://www.vantageone.net/about/who-we-are/who-we-are-details/,,,,,
YOUR NEIGHBOURHOOD CREDIT UNION,7,https://www.yncu.com/Personal/,https://www.yncu.com/Personal/AboutUs/,,,,,
ALDERGROVE CREDIT UNION,7,https://www.aldergrovecu.ca/Personal/,https://www.aldergrovecu.ca/Personal/AboutUs/WhoWeAre/,,,,,
NORTH PEACE SAVINGS & CREDIT UNION,6,https://www.npscu.ca/Personal/,https://www.npscu.ca/Personal/About-Us/,,,,,
ITALIAN CANADIAN SAVINGS & CR UN,6,https://www.icsavings.ca/,https://www.icsavings.ca/AboutUs/,,,,,
HORIZON CREDIT UNION,6,https://www.horizoncu.ca/,https://www.horizoncu.ca/about-us,,,,,
ASSINIBOINE CREDIT UNION LIMITED,6,https://www.assiniboine.mb.ca/,https://www.assiniboine.mb.ca/About-Us/,,,,,
Comtech Fire Credit Union Limited,6,https://www.comtechfirecu.com/Personal/,https://www.comtechfirecu.com/Personal/AboutUs/,,,,,
CROSSROADS CREDIT UNION,6,https://www.crossroadscu.ca/,https://www.crossroadscu.ca/My-Crossroads-Country/Values/,,,,,
Connect First Credit Union,6,https://www.connectfirstcu.com/,https://www.connectfirstcu.com/about-group/about,,,,,
BOW VALLEY CREDIT UNION LTD,6,https://www.bowvalleycu.com/Personal/,https://www.bowvalleycu.com/Personal/AboutUs/,,,,,
CREDIT UNION ATLANTIC,6,https://www.cua.com/Home/,https://www.cua.com/Home/AboutCUA/,,,,,
FIRST CREDIT UNION,6,https://www.firstcu.ca/Business/,https://www.firstcu.ca/AboutUs/,,,,,
CASERA CREDIT UNION,6,https://www.caseracu.ca/,https://www.caseracu.ca/About/,,,,,
NORTHERN SAVINGS CREDIT UNION,6,https://www.northsave.com/,https://www.northsave.com/AboutUs/WhoWeAre/,,,,,
CROSSTOWN CIVIC CREDIT UNION,6,https://www.crosstowncivic.mb.ca/,https://www.crosstowncivic.mb.ca/about/vision-values,,,,,
QUINTE FIRST CREDIT UNION LIMITED,5,https://www.quintefirst.ca/,https://www.quintefirst.ca/AboutUs/WhoWeAre/,,,,,
L'ALLIANCE DES C P DE L'ONTARIO LTEE,5,https://www.caissealliance.com/en/,https://www.caissealliance.com/en/how-cooperatives-work/,,,,,
THE POLICE CR UN,5,https://www.tpcu.on.ca/,https://www.tpcu.on.ca/Personal/AboutUs/,,,,,
CARPATHIA CREDIT UNION,5,https://www.carpathiacu.mb.ca/,https://www.carpathiacu.mb.ca/AboutUs/,,,,,
COPPERFIN CREDIT UNION LTD,5,https://www.copperfin.ca/,https://www.copperfin.ca/AboutUs/,,,,,
SUNSHINE COAST CREDIT UNION,5,https://www.sunshineccu.com/,https://www.sunshineccu.com/Personal/AboutUs/WhoWeAre/,,,,,
SOUTHWEST REGIONAL CR UN,5,https://www.southwestcu.com/Personal/,https://www.southwestcu.com/Personal/AboutUs/WhoWeAre/,,,,,
ENTEGRA CREDIT UNION,5,https://entegra.ca/,https://entegra.ca/AboutEntegra/WhoWeAre/,,,,,
BAYVIEW CREDIT UNION LTD,5,https://www.bayviewnb.com/,https://www.bayviewnb.com/Home/YourCreditUnion/ValueStatement/,,,,,
CONCENTRA FINANCIAL,5,https://www.concentra.ca/,https://www.concentra.ca/Pages/content.aspx?gp=About%20Us&sub=About%20Us,,,,,
ATLANTIC CENTRAL,5,http://atlanticcreditunions.ca/,http://atlanticcreditunions.ca/about-us/atlantic-central-about-us/,,,,,
SALMON ARM SAVINGS AND CREDIT UNION,5,https://www.sascu.com/,https://www.sascu.com/Personal/AboutUs/WhoWeAre/,,,,,
MOMENTUM CREDIT UNION LTD,5,https://momentumcu.ca/,https://momentumcu.ca/about-us/who-we-are/,,,,,
CYPRESS CREDIT UNION LIMITED,5,https://www.cypresscu.sk.ca/,https://www.cypresscu.sk.ca/about-cypress/history/,,,,,
LAKE VIEW CREDIT UNION,5,https://lakeviewcreditunion.com/,https://lakeviewcreditunion.com/your-credit-union-2/our-history/,,,,,
LUMINUS FINANCIAL SERVICE &CR UN LTD,5,https://www.luminusfinancial.com/,https://www.luminusfinancial.com/Personal/AboutUs/,,,,,
CAISSE POPULAIRE LA VALLEE LTEE,5,https://www.desjardins.com/en/votre_caisse/accueil.jsp?transit=82900309,https://www.desjardins.com/en/votre_caisse/difference/index.jsp?transit=82900309,,,,,
VALLEY CREDIT UNION,5,https://www.valleycreditunion.com/,https://www.valleycreditunion.com/Home/YourCreditUnion/AboutUs/,,,,,
Copperfin Credit Union Limited,5,https://www.copperfin.ca/,,,,,,
GREATER VANCOUVER COMMUNITY CR UN,5,https://www.gvccu.com/,https://www.gvccu.com/Personal/AboutUs/WhoWeAre/,,,,,
COASTAL FINANCIAL CREDIT UNION LTD,5,https://www.coastalfinancial.ca/,https://www.coastalfinancial.ca/Home/YourCreditUnion/MissionStatement/,,,,,
LAKELAND CREDIT UNION LTD,5,https://www.lakelandcreditunion.com/,https://www.lakelandcreditunion.com/Personal/AboutUs/,,,,,
RADIUS CREDIT UNION LTD,4,https://www.radiuscu.com/,https://www.radiuscu.com/Personal/AboutUs/WhoWeAre/,,,,,
Northern Credit Union Ltd,4,https://www.northerncu.com/,,,,,,
EAST KOOTENAY COMMUNITY CREDIT UNION,4,https://www.ekccu.com/,https://www.ekccu.com/Personal/AboutUs/WhoWeAre/,,,,,
BELGIAN-ALLIANCE CREDIT UNION,4,https://www.belgianalliancecu.mb.ca/,https://www.belgianalliancecu.mb.ca/AboutUs/MissionAndVision/,,,,,
GANARASKA CREDIT UNION LIMITED,4,https://www.ganaraskacu.com/,https://www.ganaraskacu.com/Personal/AboutUs/,,,,,
BULKLEY VALLEY CREDIT UNION,4,https://www.bvcu.com/,https://www.bvcu.com/about/,,,,,
CAISSE POPULAIRE RESTIGOUCHE E. LTEE,4,https://www.uni.ca/,https://www.uni.ca/en/nous/section/inspiring-supporting-financing#our-institution,,,,,
CAISSE POPULAIRE KENT-NORD LTEE,4,https://www.manta.com/ic/mtq8ncz/ca/caisse-populaire-kent-nord-ltee,,,,,,
WILLIAMS LAKE AND DISTRICT CREDIT UN,4,https://www.wldcu.com/,https://www.wldcu.com/Personal/AboutUs/WhoWeAre/,,,,,
EAGLE RIVER CREDIT UNION LTD.,4,https://www.eaglerivercu.com/,https://www.eaglerivercu.com/Home/YourCreditUnion/AboutUs/,,,,,
CAISSE POPULAIRE KENT-BEAUSEJOUR LTE,4,https://banks-canada.com/bank.php%3Frouting%3D086500634,,,,,,
CAISSE POPULAIRE HAUT-MADAWASKA LTEE,4,https://www.manta.com/ic/mt6lhzk/ca/caisse-populaire-haut-madawaska-lte-la,,,,,,
YOUR NEIGHBOURHOOD CREDIT UNION LTD,4,https://www.yncu.com/viewport/mobile/Personal/,https://www.yncu.com/Personal/AboutUs/,,,,,
NELSON & DISTRICT CREDIT UNION,4,https://www.nelson.com/,https://www.nelson.com/aboutus/,,,,,
STRATHCLAIR CREDIT UNION LIMITED,4,https://strathclaircreditu.ca/,https://strathclaircreditu.ca/about-us/about-scu,,,,,
ACCENT CREDIT UNION,4,https://www.accentcu.ca/,https://accentcu.ca/about/our-storeyvision-mission/,,,,,
BIGGAR & DISTRICT CREDIT UNION LTD.,3,https://www.biggarcu.com/,https://www.biggarcu.com/Personal/AboutUs/WhoWeAre/,,,,,
C.P. ST CHARLES DE BORROMEE LTEE,3,https://www.caissealliance.com/en/caisses/st-charles/,https://www.caissealliance.com/en/how-cooperatives-work/,,,,,
NIVERVILLE CREDIT UNION,3,https://nivervillecu.mb.ca/,https://nivervillecu.mb.ca/AboutUs/,,,,,
C.P. D'ALBAN LTEE,3,https://www.caissealliance.com/en/caisses/alban/,https://www.caissealliance.com/en/how-cooperatives-work/,,,,,
STEINBACH CREDIT UNION LIMITED,3,https://www.scu.mb.ca/,https://www.scu.mb.ca/about-scu/vision-and-values,,,,,
CAISSE POPULAIRE DE LA PENINSULE LTE,3,https://banks-canada.com/bank.php%3Frouting%3D086500914,,,,,,
CAISSE POPULAIRE DES FONDATEURS LTEE,3,https://www.bloomberg.com/research/stocks/private/snapshot.asp%3FprivcapId%3D272940024,,,,,,
UKRAINIAN CREDIT UNION LIMITED,3,https://www.ukrainiancu.com/UCU/,https://www.ukrainiancu.com/UCU/ProductsAndServices/,,,,,
PENFINANCIAL CREDIT UNION LIMITED,3,https://www.penfinancial.com/Personal/OnlineBanking/,https://www.penfinancial.com/Personal/AboutUs/,,,,,
VERMILION CREDIT UNION LIMITED,3,https://www.vermilioncreditunion.com/Personal/,https://www.vermilioncreditunion.com/Personal/AboutUs/WhoWeAre/,,,,,
BOW VALLEY CREDIT UNION,3,https://www.bowvalleycu.com/,https://www.bowvalleycu.com/Personal/AboutUs/,,,,,
VANCITY CAPITAL CORPORATION,3,https://www.vancity.com/BusinessBanking/Financing/GrowthCapital/,,,,,,
C.P. DE VERNER LTEE,3,https://www.caissealliance.com/en/caisses/verner/,https://www.caissealliance.com/en/how-cooperatives-work/,,,,,
CAISSE POPULAIRE MADAWASKA LTEE,3,https://411.ca/business/profile/4157581,,,,,,
EDSON SAVINGS & CREDIT UNION LTD,3,https://www.edsoncu.com/,https://www.edsoncu.com/Personal/AboutUs/WhoWeAre/,,,,,
C.P. DE STE-MADELEINE,3,http://www.codepostalpro.com/canada/quebec/sainte-madeleine.html,,,,,,
COMMUNITY CR UN CUMBERLANDCOLCHESTER,3,https://www.communitycreditunion.ns.ca/,https://www.communitycreditunion.ns.ca/Home/YourCreditUnion/AboutUs/,,,,,
CAISSE POPULAIRE SUD-EST LTEE,3,http://www.acadie.com/mobile/fr/particuliers/%3Fs%3Dsud-est,,,,,,
PRAIRIE PRIDE CREDIT UNION,3,https://www.prairiepridecu.com/,https://www.prairiepridecu.com/About-Us/,,,,,
MOYA FINANCIAL CREDIT UNION LIMITED,3,https://www.moyafinancial.ca/,https://www.moyafinancial.ca/about-us/who-we-are/,,,,,
ADVANCE SAVINGS CREDIT UNION,3,https://www.advancesavings.ca/,https://www.advancesavings.ca/Home/YourCreditUnion/MissionStatement/,,,,,
COMPASS CREDIT UNION,3,http://www.crocuscu.mb.ca/,http://www.crocuscu.mb.ca/about.cfm,,,,,
WEYBURN CREDIT UNION LIMITED,3,https://weyburncu.ca/,https://weyburncu.ca/AboutUs/,,,,,
KINGSTON COMMUNITY CREDIT UNION LTD.,3,https://www.kccu.ca/,https://www.kccu.ca/content/mission-vision-values,,,,,
CAISSE POPULAIRE CHALEUR LTEE,3,https://www.uni.ca/,,,,,,
CAISSE POPULAIRE ACADIE LTEE,3,https://www.uni.ca/en/,,,,,,
CAISSE POPULAIRE KENT-CENTRE LTEE,3,https://www.manta.com/ic/mt6lh5d/ca/caisse-populaire-kent-centre-ltee,,,,,,
C.P. DE STURGEON FALLS LTEE,3,https://www.caissealliance.com/en/caisses/sturgeon-falls/,,,,,,
CHRISTIAN CREDIT UNION LTD,3,https://www.christiancu.ca/,https://www.christiancu.ca/about/,,,,,
HERITAGE CREDIT UNION,3,https://heritagecreditunion.ca/,https://heritagecreditunion.ca/community/,,,,,
C.P. DE NORTH BAY LTEE,3,https://www.caissenorthbay.com/%3Flang%3Den,,,,,,
ACCESS CREDIT UNION,3,https://www.accesscu.ca/,https://www.accesscu.ca/AboutUs/WhoWeAre/,,,,,
CHURCHBRIDGE CREDIT UNION,3,https://churchbridgecu.ca/,https://churchbridgecu.ca/about/about-us/values-mission,,,,,
C.P. DE FIELD LTEE,3,https://www.payments.ca/sites/default/files/25-Jan-18/mbrcrunn_7.pdf,,,,,,
C.P. DE NOELVILLE LTEE,3,https://www.caissealliance.com/en/caisses/noelville/,,,,,,
CAISSE POPULAIRE KENT-SUD LTEE,3,https://www.manta.com/ic/mt6lh50/ca/caisse-populaire-kent-sud-ltee,,,,,,
ROSENORT CREDIT UNION LIMITED,3,https://www.rcu.ca/site/,https://www.rcu.ca/site/index.php/about-rcu/missionvisionvalues,,,,,
STOUGHTON CREDIT UNION LIMITED,2,https://www.stoughtoncu.com/,https://www.stoughtoncu.com/About-SCU/#About%20Us,,,,,
BAYVIEW CREDIT UNION,2,https://www.bayviewnb.com/,https://www.bayviewnb.com/Home/YourCreditUnion/,,,,,
ACADIAN CREDIT UNION LTD.,2,https://www.acadiancreditu.ca/,https://www.acadiancreditu.ca/Home/YourCreditUnion/,,,,,
Spark The Energy Credit Union Ltd.,2,https://www.shellcu.com/Personal/,https://www.sparkcu.ca/Personal/AboutUs/WhoWeAre/,,,,,
EDUCATION CREDIT UNION LIMITED,2,https://www.ecusolutions.com/,https://www.ecusolutions.com/Personal/AboutUs/,,,,,
PROVINCIAL CREDIT UNION LIMITED,2,https://www.provincialcu.com/,https://www.provincialcu.com/Home/YourCreditUnion/,,,,,
CAPE BRETON CREDIT UNION,2,https://www.cbcu.ca/Home/,https://www.cbcu.ca/Home/YourCreditUnion/AboutUs/,,,,,
CAISSE POPULAIRE PATE ET PAPIER LTEE,2,https://banks-canada.com/bank.php%3Frouting%3D086500314,,,,,,
HAMILTON MUNICIPAL EMPLYS CR UN LTD,2,https://www.hmecu.com/,https://www.hmecu.com/AboutUs/WhoWeAre/VisionMissionValues/,,,,,
C.P. DE BONFIELD LTEE,2,https://www.payments.ca/sites/default/files/25-Jan-18/mbrcrunn_7.pdf,,,,,,
CAISSE POPULAIRE BEAUSEJOUR LTEE,2,http://business.frederictonchamber.ca/list/member/caisse-populaire-beausejour-ltee-730,,,,,,
COPPERFIN CREDIT UNION LIMITED,2,https://www.copperfin.ca/,,,,,,
COPPERFIN  CREDIT UNION LTD,2,https://www.copperfin.ca/,,,,,,
COMMUNITY FIRST A DIVISION,2,https://www.communityfirst-yncu.com/,https://www.communityfirst-yncu.com/AboutUs/WhoWeAre/,,,,,
OMISTA CREDIT UNION,2,https://www.omista.com/,https://www.omista.com/Home/YourCreditUnion/AboutUs/,,,,,
C.D. DE MONTCALM ET DE LA OUAREAU,2,https://www.desjardins.com/en/votre_caisse/accueil.jsp%3Ftransit%3D81500008,,,,,,
C.D. DE LAC - MEGANTIC - LE GRANIT,2,https://www.desjardins.com/en/votre_caisse/accueil.jsp%3Ftransit%3D81550021,,,,,,
FRONTLINE FINANCIAL CREDIT UNION LTD,2,https://www.frontlinecu.com/Personal/,https://www.frontlinecu.com/Personal/AboutUs/,,,,,
CAISSE POPULAIRE DE HEARST LIMITEE,2,https://www.caissealliance.com/en/caisses/hearst/,,,,,,
C.P. DE SAINT-NAZAIRE,2,http://www.linternaute.com/ville/saint-nazaire/ville-44184,,,,,,
C.D. DE SALABERRY-DE-VALLEYFIELD,2,https://www.desjardins.com/en/votre_caisse/accueil.jsp%3Ftransit%3D81530080,,,,,,
CREDIT UNION CENTRAL ALBERTA LTD.,2,https://albertacentral.com/,https://albertacentral.com/Who-is-Alberta-Central/About-Us/Our-Purpose-Values/,,,,,
CAISSE POPULAIRE DES ILES LTEE,2,https://www.uni.ca/,,,,,,
C.P. STE-GENEVIEVE,2,http://www.linternaute.com/ville/sainte-genevieve/ville-50469,,,,,,
CAISSE POPULAIRE DE NEGUAC LTEE,2,https://www.yellowpages.ca/search/si/1/Caisses%2Bpopulaires/Neguac%2BNB,,,,,,
PROGRESSIVE CREDIT UNION,2,https://www.progressivecu.nb.ca/Home/OnlineBanking/,https://www.progressivecu.nb.ca/Home/YourCreditUnion/,,,,,
C.P. DE MATTAWA LTEE,2,https://www.caissealliance.com/fr/caisses/caisse-populaire-de-mattawa-limitee/,,,,,,
ROCKY CREDIT UNION LTD,2,https://www.rockycreditunion.com/,https://www.rockycreditunion.com/about-us/,,,,,
CD DU CENTRE-EST DE MONTREAL,2,https://www.desjardins.com/en/votre_caisse/accueil.jsp%3Ftransit%3D81530261,,,,,,
CAISSE POPULAIRE DE ST-BASILE LTEE,2,https://www.pagesjaunes.ca/bus/Quebec/Saint-Basile/Caisse-Desjardins/101224145.html,,,,,,
CAISSE DESJARDINS DES VOYAGEURS INC.,2,https://www.desjardins.com/fr/votre_caisse/accueil.jsp%3Ftransit%3D82900303,,,,,,
LAFLECHE CREDIT UNION LIMITED,2,https://www.laflechecu.com/,https://www.laflechecu.com/about/about-lafleche-credit-union/,,,,,
PACE SAVINGS & CREDIT UNION LIMITED,2,https://www.pacecu.ca/,https://www.pacecu.ca/Personal/AboutUs/ABankAlternative/,,,,,
VICTORY CREDIT UNION LTD,2,https://www.victorycreditunion.ca/Home/,https://www.victorycreditunion.ca/Home/YourCreditUnion/,,,,,
C.E.D. EMPLOYES MUNICIPAUX DE MTL,2,https://www.desjardins.com/en/votre_caisse/accueil.jsp%3Ftransit%3D81592001,,,,,,
MOMENTUM CREDIT UNION LIMITED,2,https://momentumcu.ca/,https://momentumcu.ca/about-us/who-we-are/,,,,,
C.P.D. DE SAINT-EUSEBE,2,https://www.pagesjaunes.ca/bus/Quebec/Saint-Eusebe/Caisse-Desjardins/100922335.html,,,,,,
EASTERNEDGE CREDIT UNION LIMITED,2,https://www.easternedgecu.com/,https://www.easternedgecu.com/Home/YourCreditUnion/,,,,,
WESTOBA CREDIT UNION LTD,2,https://westobacu.com/,https://westobacu.com/about-us/,,,,,
BEAUBEAR CREDIT UNION,2,https://www.beaubear.ca/,https://www.beaubear.ca/Home/YourCreditUnion/,,,,,
C.D. DU COEUR DES HAUTES-LAURENTIDES,2,https://www.desjardins.com/en/votre_caisse/accueil.jsp%3Ftransit%3D81530117,,,,,,
LEADING EDGE CREDIT UNION,2,https://www.lecu.ca/,https://www.lecu.ca/Home/YourCreditUnion/AboutUs/,,,,,
C.P.D. DE SAINT-LEON,2,https://www.yellowpages.ca/bus/Quebec/Saint-Leon-de-Standon/Caisse-Desjardins/100484541.html,,,,,,
LADYSMITH & DISTRICT CREDIT UNION,2,https://www.ldcu.ca/Personal/,https://www.ldcu.ca/Personal/AboutUs/WhoWeAre/VisionAndValues/,,,,,
